controller,step,time_s,intervened,nominal_u1,nominal_u2,nominal_u3,executed_u1,executed_u2,executed_u3,action_change_norm,slosh_mm,distance_to_goal_m
PPO + BRT,0,0.0100,0,-0.4053956,0.2059470,0.1515985,-0.4053956,0.2059470,0.1515985,0.0000000,0.01191,0.627889
PPO + BRT,1,0.0200,0,-0.4202016,0.1773348,0.1499160,-0.4202016,0.1773348,0.1499160,0.0000000,0.04619,0.627870
PPO + BRT,2,0.0300,0,-0.4298277,0.1513130,0.1479938,-0.4298277,0.1513130,0.1479938,0.0000000,0.10017,0.627830
PPO + BRT,3,0.0400,0,-0.4345839,0.1285299,0.1461220,-0.4345839,0.1285299,0.1461220,0.0000000,0.17038,0.627770
PPO + BRT,4,0.0500,0,-0.4353292,0.1093830,0.1445326,-0.4353292,0.1093830,0.1445326,0.0000000,0.25277,0.627690
PPO + BRT,5,0.0600,0,-0.4330837,0.0940613,0.1434615,-0.4330837,0.0940613,0.1434615,0.0000000,0.34297,0.627589
PPO + BRT,6,0.0700,0,-0.4288758,0.0825292,0.1431249,-0.4288758,0.0825292,0.1431249,0.0000000,0.43653,0.627467
PPO + BRT,7,0.0800,0,-0.4236706,0.0745440,0.1436455,-0.4236706,0.0745440,0.1436455,0.0000000,0.52916,0.627325
PPO + BRT,8,0.0900,0,-0.4182833,0.0697289,0.1450045,-0.4182833,0.0697289,0.1450045,0.0000000,0.61689,0.627164
PPO + BRT,9,0.1000,0,-0.4132764,0.0676752,0.1470523,-0.4132764,0.0676752,0.1470523,0.0000000,0.69629,0.626983
PPO + BRT,10,0.1100,0,-0.4088787,0.0680330,0.1495718,-0.4088787,0.0680330,0.1495718,0.0000000,0.76450,0.626783
PPO + BRT,11,0.1200,0,-0.4049656,0.0705615,0.1523512,-0.4049656,0.0705615,0.1523512,0.0000000,0.81938,0.626565
PPO + BRT,12,0.1300,0,-0.4011335,0.0751213,0.1552292,-0.4011335,0.0751213,0.1552292,0.0000000,0.85943,0.626328
PPO + BRT,13,0.1400,0,-0.3968656,0.0816202,0.1580896,-0.3968656,0.0816202,0.1580896,0.0000000,0.88385,0.626073
PPO + BRT,14,0.1500,0,-0.3917329,0.0899305,0.1608250,-0.3917329,0.0899305,0.1608250,0.0000000,0.89243,0.625801
PPO + BRT,15,0.1600,0,-0.3855492,0.0998130,0.1633068,-0.3855492,0.0998130,0.1633068,0.0000000,0.88553,0.625512
PPO + BRT,16,0.1700,0,-0.3784359,0.1108702,0.1653865,-0.3784359,0.1108702,0.1653865,0.0000000,0.86401,0.625206
PPO + BRT,17,0.1800,0,-0.3707982,0.1225449,0.1669266,-0.3707982,0.1225449,0.1669266,0.0000000,0.82918,0.624885
PPO + BRT,18,0.1900,0,-0.3632422,0.1341664,0.1678368,-0.3632422,0.1341664,0.1678368,0.0000000,0.78272,0.624547
PPO + BRT,19,0.2000,0,-0.3564587,0.1450288,0.1680938,-0.3564587,0.1450288,0.1680938,0.0000000,0.72670,0.624196
PPO + BRT,20,0.2100,0,-0.3511016,0.1544796,0.1677377,-0.3511016,0.1544796,0.1677377,0.0000000,0.66343,0.623830
PPO + BRT,21,0.2200,0,-0.3476883,0.1619913,0.1668471,-0.3476883,0.1619913,0.1668471,0.0000000,0.59545,0.623450
PPO + BRT,22,0.2300,0,-0.3465425,0.1671993,0.1655083,-0.3465425,0.1671993,0.1655083,0.0000000,0.52543,0.623057
PPO + BRT,23,0.2400,0,-0.3477873,0.1699085,0.1637905,-0.3477873,0.1699085,0.1637905,0.0000000,0.45609,0.622650
PPO + BRT,24,0.2500,0,-0.3513649,0.1700742,0.1617321,-0.3513649,0.1700742,0.1617321,0.0000000,0.39006,0.622231
PPO + BRT,25,0.2600,0,-0.3570651,0.1677777,0.1593432,-0.3570651,0.1677777,0.1593432,0.0000000,0.32985,0.621798
PPO + BRT,26,0.2700,0,-0.3645421,0.1632046,0.1566174,-0.3645421,0.1632046,0.1566174,0.0000000,0.27767,0.621352
PPO + BRT,27,0.2800,0,-0.3733170,0.1566308,0.1535514,-0.3733170,0.1566308,0.1535514,0.0000000,0.23539,0.620893
PPO + BRT,28,0.2900,0,-0.3827802,0.1484112,0.1501670,-0.3827802,0.1484112,0.1501670,0.0000000,0.20426,0.620420
PPO + BRT,29,0.3000,0,-0.3922164,0.1389632,0.1465303,-0.3922164,0.1389632,0.1465303,0.0000000,0.18486,0.619933
PPO + BRT,30,0.3100,0,-0.4008705,0.1287442,0.1427616,-0.4008705,0.1287442,0.1427616,0.0000000,0.17698,0.619431
PPO + BRT,31,0.3200,0,-0.4080609,0.1182203,0.1390303,-0.4080609,0.1182203,0.1390303,0.0000000,0.17988,0.618914
PPO + BRT,32,0.3300,0,-0.4133083,0.1078358,0.1355328,-0.4133083,0.1078358,0.1355328,0.0000000,0.19264,0.618382
PPO + BRT,33,0.3400,0,-0.4164280,0.0979883,0.1324647,-0.4164280,0.0979883,0.1324647,0.0000000,0.21423,0.617834
PPO + BRT,34,0.3500,0,-0.4175402,0.0890105,0.1299945,-0.4175402,0.0890105,0.1299945,0.0000000,0.24343,0.617271
PPO + BRT,35,0.3600,0,-0.4169951,0.0811574,0.1282503,-0.4169951,0.0811574,0.1282503,0.0000000,0.27867,0.616693
PPO + BRT,36,0.3700,0,-0.4152571,0.0746008,0.1273122,-0.4152571,0.0746008,0.1273122,0.0000000,0.31811,0.616099
PPO + BRT,37,0.3800,0,-0.4127940,0.0694305,0.1272075,-0.4127940,0.0694305,0.1272075,0.0000000,0.35972,0.615491
PPO + BRT,38,0.3900,0,-0.4100006,0.0656674,0.1279078,-0.4100006,0.0656674,0.1279078,0.0000000,0.40149,0.614867
PPO + BRT,39,0.4000,0,-0.4071593,0.0632815,0.1293312,-0.4071593,0.0632815,0.1293312,0.0000000,0.44151,0.614229
PPO + BRT,40,0.4100,0,-0.4044313,0.0622098,0.1313505,-0.4044313,0.0622098,0.1313505,0.0000000,0.47807,0.613576
PPO + BRT,41,0.4200,0,-0.4018678,0.0623687,0.1338070,-0.4018678,0.0623687,0.1338070,0.0000000,0.50973,0.612909
PPO + BRT,42,0.4300,0,-0.3994389,0.0636571,0.1365265,-0.3994389,0.0636571,0.1365265,0.0000000,0.53537,0.612228
PPO + BRT,43,0.4400,0,-0.3970739,0.0659524,0.1393348,-0.3970739,0.0659524,0.1393348,0.0000000,0.55417,0.611533
PPO + BRT,44,0.4500,0,-0.3947064,0.0691030,0.1420682,-0.3947064,0.0691030,0.1420682,0.0000000,0.56563,0.610825
PPO + BRT,45,0.4600,0,-0.3923134,0.0729211,0.1445813,-0.3923134,0.0729211,0.1445813,0.0000000,0.56957,0.610103
PPO + BRT,46,0.4700,0,-0.3899384,0.0771825,0.1467526,-0.3899384,0.0771825,0.1467526,0.0000000,0.56612,0.609368
PPO + BRT,47,0.4800,0,-0.3876952,0.0816322,0.1484870,-0.3876952,0.0816322,0.1484870,0.0000000,0.55566,0.608621
PPO + BRT,48,0.4900,0,-0.3857522,0.0859996,0.1497183,-0.3857522,0.0859996,0.1497183,0.0000000,0.53883,0.607860
PPO + BRT,49,0.5000,0,-0.3843041,0.0900173,0.1504088,-0.3843041,0.0900173,0.1504088,0.0000000,0.51650,0.607088
PPO + BRT,50,0.5100,0,-0.3835381,0.0934424,0.1505469,-0.3835381,0.0934424,0.1505469,0.0000000,0.48971,0.606303
PPO + BRT,51,0.5200,0,-0.3836049,0.0960746,0.1501418,-0.3836049,0.0960746,0.1501418,0.0000000,0.45963,0.605506
PPO + BRT,52,0.5300,0,-0.3845966,0.0977694,0.1492179,-0.3845966,0.0977694,0.1492179,0.0000000,0.42753,0.604697
PPO + BRT,53,0.5400,0,-0.3865358,0.0984438,0.1478091,-0.3865358,0.0984438,0.1478091,0.0000000,0.39473,0.603877
PPO + BRT,54,0.5500,0,-0.3893726,0.0980763,0.1459551,-0.3893726,0.0980763,0.1459551,0.0000000,0.36253,0.603044
PPO + BRT,55,0.5600,0,-0.3929893,0.0967008,0.1437001,-0.3929893,0.0967008,0.1437001,0.0000000,0.33217,0.602200
PPO + BRT,56,0.5700,0,-0.3972093,0.0943984,0.1410942,-0.3972093,0.0943984,0.1410942,0.0000000,0.30478,0.601343
PPO + BRT,57,0.5800,0,-0.4018095,0.0912877,0.1381968,-0.4018095,0.0912877,0.1381968,0.0000000,0.28130,0.600475
PPO + BRT,58,0.5900,0,-0.4065365,0.0875143,0.1350788,-0.4065365,0.0875143,0.1350788,0.0000000,0.26252,0.599595
PPO + BRT,59,0.6000,0,-0.4111277,0.0832416,0.1318259,-0.4111277,0.0832416,0.1318259,0.0000000,0.24895,0.598702
PPO + BRT,60,0.6100,0,-0.4153354,0.0786427,0.1285368,-0.4153354,0.0786427,0.1285368,0.0000000,0.24085,0.597797
PPO + BRT,61,0.6200,0,-0.4189534,0.0738922,0.1253201,-0.4189534,0.0738922,0.1253201,0.0000000,0.23823,0.596879
PPO + BRT,62,0.6300,0,-0.4218381,0.0691600,0.1222865,-0.4218381,0.0691600,0.1222865,0.0000000,0.24084,0.595949
PPO + BRT,63,0.6400,0,-0.4239238,0.0646046,0.1195411,-0.4239238,0.0646046,0.1195411,0.0000000,0.24818,0.595006
PPO + BRT,64,0.6500,0,-0.4252226,0.0603673,0.1171741,-0.4252226,0.0603673,0.1171741,0.0000000,0.25962,0.594050
PPO + BRT,65,0.6600,0,-0.4258127,0.0565669,0.1152538,-0.4258127,0.0565669,0.1152538,0.0000000,0.27433,0.593082
PPO + BRT,66,0.6700,0,-0.4258183,0.0532953,0.1138220,-0.4258183,0.0532953,0.1138220,0.0000000,0.29145,0.592101
PPO + BRT,67,0.6800,0,-0.4253844,0.0506161,0.1128919,-0.4253844,0.0506161,0.1128919,0.0000000,0.31002,0.591108
PPO + BRT,68,0.6900,0,-0.4246548,0.0485639,0.1124485,-0.4246548,0.0485639,0.1124485,0.0000000,0.32913,0.590102
PPO + BRT,69,0.7000,0,-0.4237558,0.0471465,0.1124515,-0.4237558,0.0471465,0.1124515,0.0000000,0.34787,0.589084
PPO + BRT,70,0.7100,0,-0.4227883,0.0463472,0.1128391,-0.4227883,0.0463472,0.1128391,0.0000000,0.36543,0.588054
PPO + BRT,71,0.7200,0,-0.4218260,0.0461280,0.1135337,-0.4218260,0.0461280,0.1135337,0.0000000,0.38109,0.587012
PPO + BRT,72,0.7300,0,-0.4209197,0.0464316,0.1144468,-0.4209197,0.0464316,0.1144468,0.0000000,0.39426,0.585958
PPO + BRT,73,0.7400,0,-0.4201053,0.0471838,0.1154861,-0.4201053,0.0471838,0.1154861,0.0000000,0.40449,0.584892
PPO + BRT,74,0.7500,0,-0.4194116,0.0482949,0.1165596,-0.4194116,0.0482949,0.1165596,0.0000000,0.41148,0.583815
PPO + BRT,75,0.7600,0,-0.4188685,0.0496624,0.1175808,-0.4188685,0.0496624,0.1175808,0.0000000,0.41507,0.582726
PPO + BRT,76,0.7700,0,-0.4185113,0.0511745,0.1184723,-0.4185113,0.0511745,0.1184723,0.0000000,0.41527,0.581626
PPO + BRT,77,0.7800,0,-0.4183821,0.0527151,0.1191679,-0.4183821,0.0527151,0.1191679,0.0000000,0.41220,0.580515
PPO + BRT,78,0.7900,0,-0.4185273,0.0541690,0.1196145,-0.4185273,0.0541690,0.1196145,0.0000000,0.40612,0.579392
PPO + BRT,79,0.8000,0,-0.4189918,0.0554285,0.1197722,-0.4189918,0.0554285,0.1197722,0.0000000,0.39740,0.578258
PPO + BRT,80,0.8100,0,-0.4198129,0.0564001,0.1196143,-0.4198129,0.0564001,0.1196143,0.0000000,0.38651,0.577114
PPO + BRT,81,0.8200,0,-0.4210140,0.0570087,0.1191269,-0.4210140,0.0570087,0.1191269,0.0000000,0.37396,0.575958
PPO + BRT,82,0.8300,0,-0.4225990,0.0572021,0.1183074,-0.4225990,0.0572021,0.1183074,0.0000000,0.36032,0.574792
PPO + BRT,83,0.8400,0,-0.4245490,0.0569523,0.1171642,-0.4245490,0.0569523,0.1171642,0.0000000,0.34619,0.573614
PPO + BRT,84,0.8500,0,-0.4268219,0.0562559,0.1157158,-0.4268219,0.0562559,0.1157158,0.0000000,0.33214,0.572426
PPO + BRT,85,0.8600,0,-0.4293541,0.0551321,0.1139904,-0.4293541,0.0551321,0.1139904,0.0000000,0.31873,0.571227
PPO + BRT,86,0.8700,0,-0.4320641,0.0536200,0.1120249,-0.4320641,0.0536200,0.1120249,0.0000000,0.30645,0.570017
PPO + BRT,87,0.8800,0,-0.4348592,0.0517741,0.1098650,-0.4348592,0.0517741,0.1098650,0.0000000,0.29574,0.568795
PPO + BRT,88,0.8900,0,-0.4376426,0.0496608,0.1075636,-0.4376426,0.0496608,0.1075636,0.0000000,0.28693,0.567563
PPO + BRT,89,0.9000,0,-0.4403208,0.0473539,0.1051793,-0.4403208,0.0473539,0.1051793,0.0000000,0.28028,0.566320
PPO + BRT,90,0.9100,0,-0.4428117,0.0449309,0.1027738,-0.4428117,0.0449309,0.1027738,0.0000000,0.27593,0.565066
PPO + BRT,91,0.9200,0,-0.4450507,0.0424690,0.1004097,-0.4450507,0.0424690,0.1004097,0.0000000,0.27391,0.563800
PPO + BRT,92,0.9300,0,-0.4469962,0.0400427,0.0981460,-0.4469962,0.0400427,0.0981460,0.0000000,0.27416,0.562523
PPO + BRT,93,0.9400,0,-0.4486305,0.0377200,0.0960359,-0.4486305,0.0377200,0.0960359,0.0000000,0.27653,0.561235
PPO + BRT,94,0.9500,0,-0.4499592,0.0355611,0.0941228,-0.4499592,0.0355611,0.0941228,0.0000000,0.28075,0.559936
PPO + BRT,95,0.9600,0,-0.4510077,0.0336154,0.0924391,-0.4510077,0.0336154,0.0924391,0.0000000,0.28652,0.558626
PPO + BRT,96,0.9700,0,-0.4518163,0.0319204,0.0910038,-0.4518163,0.0319204,0.0910038,0.0000000,0.29347,0.557304
PPO + BRT,97,0.9800,0,-0.4524344,0.0305014,0.0898229,-0.4524344,0.0305014,0.0898229,0.0000000,0.30120,0.555972
PPO + BRT,98,0.9900,0,-0.4529147,0.0293701,0.0888893,-0.4529147,0.0293701,0.0888893,0.0000000,0.30932,0.554628
PPO + BRT,99,1.0000,1,-0.4533086,0.0285259,0.0881845,-0.4353812,0.0305136,0.0776137,0.0209065,0.31691,0.553274
PPO + BRT,100,1.0100,1,-0.4535622,0.0286181,0.0881524,-0.4073180,0.0336957,0.0610938,0.0538190,0.32235,0.551909
PPO + BRT,101,1.0200,1,-0.4536756,0.0299873,0.0889175,-0.3862807,0.0372732,0.0497378,0.0782957,0.32414,0.550536
PPO + BRT,102,1.0300,1,-0.4537250,0.0322762,0.0900663,-0.3719400,0.0409315,0.0427931,0.0948603,0.32146,0.549157
PPO + BRT,103,1.0400,1,-0.4537850,0.0350948,0.0912408,-0.3608834,0.0446630,0.0378399,0.1075822,0.31402,0.547771
PPO + BRT,104,1.0500,1,-0.4539326,0.0381527,0.0922279,-0.3518113,0.0483402,0.0338004,0.1180945,0.30190,0.546380
PPO + BRT,105,1.0600,1,-0.4542635,0.0411970,0.0928875,-0.3442263,0.0517674,0.0302715,0.1270459,0.28549,0.544984
PPO + BRT,106,1.0700,1,-0.4548840,0.0440025,0.0931232,-0.3388309,0.0546922,0.0274123,0.1337928,0.26546,0.543583
PPO + BRT,107,1.0800,1,-0.4559169,0.0463385,0.0928499,-0.3310484,0.0573133,0.0225793,0.1437030,0.24262,0.542179
PPO + BRT,108,1.0900,1,-0.4573516,0.0481936,0.0921303,-0.3252966,0.0592251,0.0182645,0.1517115,0.21789,0.540771
PPO + BRT,109,1.1000,1,-0.4592604,0.0494166,0.0909133,-0.3172430,0.0606553,0.0120040,0.1628556,0.19229,0.539359
PPO + BRT,110,1.1100,1,-0.4615651,0.0500661,0.0892863,-0.3110848,0.0613149,0.0062524,0.1722367,0.16699,0.537945
PPO + BRT,111,1.1200,1,-0.4642740,0.0500678,0.0872238,-0.3022982,0.0614735,-0.0014341,0.1850040,0.14330,0.536529
PPO + BRT,112,1.1300,1,-0.4672405,0.0495525,0.0848439,-0.2957076,0.0609123,-0.0082661,0.1955046,0.12271,0.535111
PPO + BRT,113,1.1400,1,-0.4704399,0.0484825,0.0821289,-0.2884790,0.0598073,-0.0157660,0.2069333,0.10694,0.533692
PPO + BRT,114,1.1500,1,-0.4737480,0.0469465,0.0791613,-0.2814747,0.0581969,-0.0233472,0.2181825,0.09741,0.532272
PPO + BRT,115,1.1600,1,-0.4770630,0.0450087,0.0760052,-0.2744086,0.0561628,-0.0309745,0.2294294,0.09454,0.530851
PPO + BRT,116,1.1700,1,-0.4802780,0.0427509,0.0727396,-0.2674837,0.0537817,-0.0384057,0.2403256,0.09716,0.529430
PPO + BRT,117,1.1800,1,-0.4833037,0.0402496,0.0694411,-0.2617036,0.0511008,-0.0451221,0.2496981,0.10314,0.528010
PPO + BRT,118,1.1900,1,-0.4860880,0.0375427,0.0661591,-0.2550683,0.0482597,-0.0519822,0.2596966,0.11041,0.526590
PPO + BRT,119,1.2000,1,-0.4885560,0.0347442,0.0630041,-0.2480156,0.0453506,-0.0586564,0.2697655,0.11752,0.525171
PPO + BRT,120,1.2100,1,-0.4906775,0.0319480,0.0600615,-0.2396172,0.0424987,-0.0654770,0.2808959,0.12369,0.523753
PPO + BRT,121,1.2200,1,-0.4924430,0.0292773,0.0574303,-0.2316563,0.0397475,-0.0715424,0.2911243,0.12860,0.522337
PPO + BRT,122,1.2300,1,-0.4938980,0.0267780,0.0551331,-0.2248265,0.0371169,-0.0765375,0.2997391,0.13219,0.520924
PPO + BRT,123,1.2400,1,-0.4951026,0.0244599,0.0531601,-0.2149568,0.0347644,-0.0824134,0.3113969,0.13463,0.519513
PPO + BRT,124,1.2500,1,-0.4960906,0.0224815,0.0516177,-0.2060609,0.0326771,-0.0872649,0.3217291,0.13624,0.518105
PPO + BRT,125,1.2600,1,-0.4969398,0.0208280,0.0504583,-0.1940919,0.0309687,-0.0930792,0.3352950,0.13745,0.516701
PPO + BRT,126,1.2700,1,-0.4976990,0.0196238,0.0497491,-0.1817152,0.0296301,-0.0985849,0.3492118,0.13877,0.515301
PPO + BRT,127,1.2800,1,-0.4984264,0.0188667,0.0494453,-0.1687369,0.0286265,-0.1038353,0.3637105,0.14069,0.513905
PPO + BRT,128,1.2900,1,-0.4991584,0.0185446,0.0494949,-0.1521382,0.0279956,-0.1103343,0.3821749,0.14373,0.512515
PPO + BRT,129,1.3000,1,-0.4999016,0.0187418,0.0499278,-0.1340873,0.0276774,-0.1170252,0.4022104,0.14848,0.511132
PPO + BRT,130,1.3100,1,-0.5006484,0.0194339,0.0506800,-0.1147041,0.0275674,-0.1238502,0.4236508,0.15549,0.509756
PPO + BRT,131,1.3200,1,-0.5013709,0.0205729,0.0516731,-0.0941228,0.0275399,-0.1308911,0.4463510,0.16530,0.508387
PPO + BRT,132,1.3300,1,-0.5020285,0.0220875,0.0528190,-0.0688005,0.0274768,-0.1397794,0.4741410,0.17852,0.507029
PPO + BRT,133,1.3400,1,-0.5025312,0.0240256,0.0541364,-0.0398657,0.0272091,-0.1496947,0.5055854,0.19583,0.505680
PPO + BRT,134,1.3500,1,-0.5027732,0.0263707,0.0555837,-0.0078248,0.0265130,-0.1606543,0.5401229,0.21793,0.504344
PPO + BRT,135,1.3600,1,-0.5026448,0.0290584,0.0570937,0.0336545,0.0250264,-0.1750434,0.5843979,0.24566,0.503022
PPO + BRT,136,1.3700,1,-0.5018892,0.0322341,0.0587849,0.0843356,0.0223163,-0.1927601,0.6379912,0.28008,0.501715
PPO + BRT,137,1.3800,1,-0.5001869,0.0359605,0.0607220,0.1428659,0.0177206,-0.2126059,0.6989691,0.32237,0.500427
PPO + BRT,138,1.3900,1,-0.4971949,0.0401796,0.0628729,0.2186271,0.0098379,-0.2385239,0.7772784,0.37405,0.499161
PPO + BRT,139,1.4000,1,-0.4922278,0.0450282,0.0654550,0.3105674,-0.0031294,-0.2694090,0.8711677,0.43707,0.497919
PPO + BRT,140,1.4100,1,-0.4845254,0.0504086,0.0685284,0.4292493,-0.0249723,-0.3092109,0.9916418,0.51400,0.496708
PPO + BRT,141,1.4200,1,-0.4728570,0.0562740,0.0723270,0.5938396,-0.0634358,-0.3653429,1.1591923,0.60879,0.495534
PPO + BRT,142,1.4300,1,-0.4551494,0.0626935,0.0773117,0.8143455,-0.1327444,-0.4419793,1.3854518,0.72731,0.494404
PPO + BRT,143,1.4400,1,-0.4293385,0.0699151,0.0834287,1.1407734,-0.2705246,-0.5643215,1.7322618,0.87883,0.493330
PPO + BRT,144,1.4500,1,-0.3930883,0.0808509,0.0900854,1.7023259,-0.6049948,-0.8113413,2.3819561,1.08085,0.492328
PPO + BRT,145,1.4600,1,-0.3441348,0.1062027,0.0943141,2.8310747,-1.8613876,-1.5379395,4.0764713,1.37286,0.491427
PPO + BRT,146,1.4700,1,-0.2793923,0.1766814,0.0865454,-1.6052401,-10.0865250,-3.9594662,11.1113224,1.66364,0.490683
PPO + BRT,147,1.4800,1,-0.3056543,0.3831583,-0.0407421,3.2528670,2.4105399,-1.4882793,4.3438134,1.95491,0.489820
PPO + BRT,148,1.4900,1,-0.2561253,0.3431480,0.0376187,-15.0000000,15.0000000,15.0000000,25.6140194,1.75409,0.489167
PPO + BRT,149,1.5000,0,-0.3008354,-0.3161422,-0.1375569,-0.3008354,-0.3161422,-0.1375569,0.0000000,1.03352,0.487718
PPO + BRT,150,1.5100,0,-0.3251446,-0.3044258,-0.1236255,-0.3251446,-0.3044258,-0.1236255,0.0000000,0.34962,0.486265
PPO + BRT,151,1.5200,0,-0.3434818,-0.2897908,-0.1157161,-0.3434818,-0.2897908,-0.1157161,0.0000000,0.39310,0.484808
PPO + BRT,152,1.5300,1,-0.3482028,-0.2692401,-0.1108718,0.5654364,-0.1682658,-0.4741821,0.9883960,0.95497,0.483346
PPO + BRT,153,1.5400,1,-0.3432487,-0.2552376,-0.0886591,1.1941199,-0.0460056,-0.7196262,1.6749327,1.38701,0.481931
PPO + BRT,154,1.5500,1,-0.3230834,-0.2562860,-0.0196703,1.3636630,-0.0078272,-0.7476325,1.8538539,1.64975,0.480597
PPO + BRT,155,1.5600,1,-0.3299478,-0.2667647,0.0886555,1.0827770,-0.0624808,-0.5641648,1.5696169,1.74988,0.479354
PPO + BRT,156,1.5700,1,-0.4484732,-0.1967828,0.1162666,0.4490601,-0.0784867,-0.3333115,1.0107821,1.72295,0.478184
PPO + BRT,157,1.5800,1,-0.4706295,-0.1015196,0.1142453,-0.1255397,-0.0629372,-0.0696405,0.3929243,1.61402,0.477051
PPO + BRT,158,1.5900,1,-0.4625087,-0.0432690,0.1153220,-0.4074780,-0.0382578,0.0849309,0.0630643,1.45695,0.475922
PPO + BRT,159,1.6000,1,-0.4534690,-0.0042928,0.1140411,-0.4262552,-0.0023686,0.0987138,0.0312925,1.26901,0.474782
PPO + BRT,160,1.6100,1,-0.4429636,0.0268920,0.1112469,-0.2771729,0.0346958,0.0165758,0.1910761,1.05550,0.473629
PPO + BRT,161,1.6200,1,-0.4301544,0.0520267,0.1084879,0.0126845,0.0585734,-0.1485413,0.5120675,0.81430,0.472473
PPO + BRT,162,1.6300,1,-0.4144569,0.0677156,0.1077682,0.4621654,0.0367850,-0.4147426,1.0210000,0.53778,0.471331
PPO + BRT,163,1.6400,1,-0.3940051,0.0692489,0.1112790,1.1866080,-0.1273374,-0.8827018,1.8774934,0.22246,0.470227
PPO + BRT,164,1.6500,1,-0.3662278,0.0641562,0.1183063,2.4811752,-0.9022550,-1.9468189,3.6477933,0.28322,0.469203
PPO + BRT,165,1.6600,1,-0.3272863,0.0867560,0.1222374,2.1856291,-6.8743029,-4.9916224,8.9957018,0.80338,0.468329
PPO + BRT,166,1.6700,1,-0.2543470,0.2822935,0.0912840,-8.5162191,-4.8658729,1.3440808,9.8148689,1.11228,0.467568
PPO + BRT,167,1.6800,1,-0.2980403,0.2578669,-0.1134407,0.3601596,0.4016708,-0.3233269,0.7056620,1.17451,0.466315
PPO + BRT,168,1.6900,1,-0.3300250,0.2568899,-0.0883567,0.3809674,0.3982822,-0.3121723,0.7586800,1.24233,0.465100
PPO + BRT,169,1.7000,1,-0.3787824,0.2577211,-0.0579945,0.3296014,0.3813803,-0.2758304,0.7513665,1.29762,0.463923
PPO + BRT,170,1.7100,1,-0.4341752,0.2522750,-0.0245725,0.1905063,0.3433523,-0.2096311,0.6578516,1.32580,0.462780
PPO + BRT,171,1.7200,1,-0.4833128,0.2302864,0.0062597,-0.0270336,0.2830918,-0.1221502,0.4769364,1.31534,0.461662
PPO + BRT,172,1.7300,1,-0.5165820,0.1871934,0.0278088,-0.3004548,0.2064890,-0.0293678,0.2243935,1.25745,0.460557
PPO + BRT,173,1.7400,0,-0.5282077,0.1273139,0.0341997,-0.5282077,0.1273139,0.0341997,0.0000000,1.14801,0.459449
PPO + BRT,174,1.7500,0,-0.5230403,0.0641145,0.0252766,-0.5230403,0.0641145,0.0252766,0.0000000,0.99331,0.458325
PPO + BRT,175,1.7600,0,-0.5212399,0.0142820,0.0142237,-0.5212399,0.0142820,0.0142237,0.0000000,0.80787,0.457184
PPO + BRT,176,1.7700,1,-0.5214164,-0.0225351,0.0063407,-0.3561656,-0.0105842,-0.0287225,0.1693519,0.61366,0.456027
PPO + BRT,177,1.7800,1,-0.5299494,-0.0436554,0.0077927,-0.0773019,-0.0074465,-0.0846175,0.4634010,0.44318,0.454862
PPO + BRT,178,1.7900,1,-0.5532098,-0.0496113,0.0221810,0.2104796,0.0161828,-0.1278733,0.7810677,0.33325,0.453706
PPO + BRT,179,1.8000,1,-0.5983195,-0.0426209,0.0509369,0.4278347,0.0483826,-0.1421964,1.0481291,0.29699,0.452573
PPO + BRT,180,1.8100,1,-0.6649195,-0.0267956,0.0859652,0.5328472,0.0764620,-0.1278206,1.2210699,0.29720,0.451475
PPO + BRT,181,1.8200,1,-0.7234069,-0.0105206,0.1088013,0.5220156,0.0866742,-0.0986389,1.2663158,0.29352,0.450418
PPO + BRT,182,1.8300,1,-0.7381278,-0.0016871,0.1186332,0.4284250,0.0738337,-0.0584364,1.1823293,0.27799,0.449401
PPO + BRT,183,1.8400,1,-0.7175628,0.0058209,0.1201184,0.3004504,0.0555768,-0.0176291,1.0284945,0.26644,0.448417
PPO + BRT,184,1.8500,1,-0.6841714,0.0218417,0.1123302,0.1753438,0.0507836,0.0096038,0.8661158,0.28119,0.447460
PPO + BRT,185,1.8600,1,-0.6520566,0.0450808,0.0975721,0.1441979,0.0619264,0.0129219,0.8009186,0.32926,0.446522
PPO + BRT,186,1.8700,1,-0.6223099,0.0716088,0.0801653,0.1479304,0.0786241,0.0070056,0.7737388,0.40155,0.445601
PPO + BRT,187,1.8800,1,-0.5961092,0.0985901,0.0621096,0.2323873,0.0957713,-0.0087404,0.8315251,0.48814,0.444697
PPO + BRT,188,1.8900,1,-0.5701306,0.1237777,0.0460387,0.3355084,0.1055287,-0.0228105,0.9084356,0.58483,0.443815
PPO + BRT,189,1.9000,1,-0.5446740,0.1459001,0.0326774,0.5124535,0.1002152,-0.0370977,1.0604123,0.69256,0.442961
PPO + BRT,190,1.9100,1,-0.5161701,0.1648201,0.0236501,0.7497320,0.0625352,-0.0433390,1.2717931,0.81682,0.442144
PPO + BRT,191,1.9200,1,-0.4824593,0.1818478,0.0194113,1.1741321,-0.0719494,-0.0361488,1.6768408,0.96961,0.441375
PPO + BRT,192,1.9300,1,-0.4357344,0.2012046,0.0214518,2.6150296,-1.1107653,0.0662441,3.3212094,1.19457,0.440676
PPO + BRT,193,1.9400,1,-0.3416149,0.2549822,0.0322174,-1.9786807,0.0191324,0.0075920,1.6541512,1.39018,0.440117
PPO + BRT,194,1.9500,1,-0.4643402,0.2276266,-0.0292803,2.2064354,0.2588850,-1.0380365,2.8551023,1.54168,0.439457
PPO + BRT,195,1.9600,1,-0.4020594,0.2249098,0.0125140,-3.7727926,-1.1263907,1.0656152,3.7811213,1.58817,0.438932
PPO + BRT,196,1.9700,0,-0.4410440,0.0833707,-0.1138700,-0.4410440,0.0833707,-0.1138700,0.0000000,1.46418,0.438196
PPO + BRT,197,1.9800,0,-0.3994752,0.0541280,-0.1083497,-0.3994752,0.0541280,-0.1083497,0.0000000,1.28425,0.437445
PPO + BRT,198,1.9900,0,-0.3744731,0.0472434,-0.1058598,-0.3744731,0.0472434,-0.1058598,0.0000000,1.06296,0.436681
PPO + BRT,199,2.0000,0,-0.3673062,0.0458857,-0.1026607,-0.3673062,0.0458857,-0.1026607,0.0000000,0.81703,0.435907
PPO + BRT,200,2.0100,1,-0.3720513,0.0432953,-0.0947293,-0.3552833,0.0465027,-0.0987121,0.0175304,0.57033,0.435122
PPO + BRT,201,2.0200,1,-0.3830239,0.0392818,-0.0824102,0.0261742,0.1228667,-0.1779555,0.4284372,0.37921,0.434326
PPO + BRT,202,2.0300,1,-0.4055509,0.0426612,-0.0601664,0.3648764,0.2094151,-0.2374425,0.8079554,0.33085,0.433543
PPO + BRT,203,2.0400,1,-0.4391858,0.0510394,-0.0243823,0.6597789,0.2985073,-0.2726027,1.1535064,0.39507,0.432790
PPO + BRT,204,2.0500,1,-0.5011798,0.0623174,0.0336472,0.8599389,0.3705897,-0.2632103,1.4268149,0.45271,0.432084
PPO + BRT,205,2.0600,1,-0.6081669,0.0692924,0.1056359,0.9913998,0.4084092,-0.2165624,1.6665610,0.44992,0.431435
PPO + BRT,206,2.0700,1,-0.6811416,0.0607967,0.1508877,1.0393546,0.3163124,-0.1125116,1.7591971,0.37449,0.430850
PPO + BRT,207,2.0800,0,-0.6655676,0.0518930,0.1704546,-0.6655676,0.0518930,0.1704546,0.0000000,0.27993,0.430329
PPO + BRT,208,2.0900,1,-0.6930181,0.0439806,0.1481368,1.3609324,-0.3080135,0.2274625,2.0854027,0.16600,0.429776
PPO + BRT,209,2.1000,0,-0.6144167,0.0940228,0.1514016,-0.6144167,0.0940228,0.1514016,0.0000000,0.06806,0.429298
PPO + BRT,210,2.1100,0,-0.6476360,0.0924806,0.1257470,-0.6476360,0.0924806,0.1257470,0.0000000,0.12135,0.428791
PPO + BRT,211,2.1200,1,-0.6797602,0.0950465,0.0964837,1.3537054,-0.9010570,-0.1397949,2.2766275,0.21720,0.428255
PPO + BRT,212,2.1300,0,-0.5844648,0.1732843,0.0958430,-0.5844648,0.1732843,0.0958430,0.0000000,0.32865,0.427792
PPO + BRT,213,2.1400,0,-0.6269014,0.1752784,0.0667808,-0.6269014,0.1752784,0.0667808,0.0000000,0.39852,0.427303
PPO + BRT,214,2.1500,1,-0.6655952,0.1626052,0.0378962,0.6022205,0.0821795,-0.3809603,1.3376343,0.45558,0.426785
PPO + BRT,215,2.1600,0,-0.6432047,0.1673615,0.0441909,-0.6432047,0.1673615,0.0441909,0.0000000,0.49664,0.426309
PPO + BRT,216,2.1700,1,-0.6709781,0.1416157,0.0147072,1.9902078,-0.3275563,0.1640670,2.7063520,0.55814,0.425804
PPO + BRT,217,2.1800,0,-0.5748360,0.2145124,0.0456135,-0.5748360,0.2145124,0.0456135,0.0000000,0.63778,0.425407
PPO + BRT,218,2.1900,0,-0.6258246,0.1930107,0.0167155,-0.6258246,0.1930107,0.0167155,0.0000000,0.65995,0.424984
PPO + BRT,219,2.2000,1,-0.6491458,0.1498896,-0.0115778,3.3407266,-1.0463725,-2.9316964,5.0869656,0.74263,0.424533
PPO + BRT,220,2.2100,0,-0.5029524,0.2023459,0.0717007,-0.5029524,0.2023459,0.0717007,0.0000000,0.87790,0.424285
PPO + BRT,221,2.2200,0,-0.5705448,0.1935158,0.0382607,-0.5705448,0.1935158,0.0382607,0.0000000,0.94268,0.424013
PPO + BRT,222,2.2300,0,-0.6311102,0.1554386,0.0041395,-0.6311102,0.1554386,0.0041395,0.0000000,0.93614,0.423713
PPO + BRT,223,2.2400,0,-0.6403318,0.1017926,-0.0307119,-0.6403318,0.1017926,-0.0307119,0.0000000,0.86222,0.423384
PPO + BRT,224,2.2500,1,-0.5868502,0.0574309,-0.0571403,-0.4964381,-0.0516329,0.4728202,0.5485684,0.73250,0.423025
PPO + BRT,225,2.2600,1,-0.5191663,0.0500031,-0.0741819,0.7720280,0.1807414,0.7015826,1.5119807,0.59661,0.422639
PPO + BRT,226,2.2700,1,-0.5494605,0.0887206,-0.0530871,1.8492837,1.6771685,2.2356043,3.6763091,0.52669,0.422293
PPO + BRT,227,2.2800,1,-0.6367387,0.1282706,0.0070767,-1.0933771,0.0938355,-0.1045721,0.4713490,0.46532,0.422038
PPO + BRT,228,2.2900,1,-0.5695196,0.0630113,-0.0246031,-3.1847477,0.4226886,-4.4490290,5.1521192,0.27427,0.421729
PPO + BRT,229,2.3000,1,-0.4662012,-0.1223907,-0.0675122,2.2499337,-0.4791970,1.2952772,3.0597212,0.09877,0.421292
PPO + BRT,230,2.3100,1,-0.5388693,-0.0031294,0.0046015,1.9563020,-0.7542206,5.7220116,6.2832150,0.04764,0.420967
PPO + BRT,231,2.3200,0,-0.5730889,0.2436193,0.0118165,-0.5730889,0.2436193,0.0118165,0.0000000,0.03803,0.420697
PPO + BRT,232,2.3300,1,-0.5650469,0.2078208,0.0134872,-0.6858792,0.4528208,-0.4838787,0.5674490,0.11298,0.420400
PPO + BRT,233,2.3400,1,-0.5501530,0.1488028,0.0235891,-0.5673757,0.7969996,-1.3976979,1.5622140,0.18770,0.420076
PPO + BRT,234,2.3500,1,-0.5550715,0.0610862,0.0517125,0.0221233,1.5124214,-4.2471099,4.5737734,0.24359,0.419740
PPO + BRT,235,2.3600,1,-0.6446438,-0.1084754,0.1284887,-2.2429304,-2.2012708,2.9968250,3.8937984,0.36307,0.419452
PPO + BRT,236,2.3700,1,-0.4558815,0.0248594,-0.0038095,2.5504069,1.1558403,-1.2207677,3.4348035,0.44964,0.419011
PPO + BRT,237,2.3800,1,-0.6552929,0.0114525,0.1413447,-3.8201213,-0.5295472,0.7306998,3.2643771,0.54822,0.418727
PPO + BRT,238,2.3900,1,-0.4436414,-0.0193099,0.0038014,2.9006271,0.8668292,-0.8150738,3.5552680,0.63868,0.418232
PPO + BRT,239,2.4000,1,-0.6475371,-0.0067727,0.1545987,-7.1095185,-1.1844548,1.6892569,6.7453179,0.81714,0.417909
PPO + BRT,240,2.4100,1,-0.3705309,-0.0451721,-0.0825636,2.0200050,0.6115062,-0.7016192,2.5552137,1.08719,0.417187
PPO + BRT,241,2.4200,1,-0.4079184,-0.0180719,0.0494413,2.2632861,0.8191643,-0.7037696,2.8989007,1.16623,0.416590
PPO + BRT,242,2.4300,1,-0.5874012,-0.0141355,0.1734595,2.6310580,1.2221491,-1.0339507,3.6530423,1.05101,0.416129
PPO + BRT,243,2.4400,0,-0.5847279,0.0113329,0.1788641,-0.5847279,0.0113329,0.1788641,0.0000000,0.84960,0.415829
PPO + BRT,244,2.4500,0,-0.5898663,0.0132269,0.1692901,-0.5898663,0.0132269,0.1692901,0.0000000,0.66916,0.415499
PPO + BRT,245,2.4600,1,-0.5949902,0.0198740,0.1571646,-0.7761234,-0.0769245,0.2257296,0.2165187,0.52071,0.415139
PPO + BRT,246,2.4700,1,-0.6040837,0.0355231,0.1394423,-1.9608890,-1.0613765,0.8136068,1.8704565,0.42924,0.414738
PPO + BRT,247,2.4800,1,-0.6056181,0.1066471,0.0824418,4.2318935,-0.3182829,-1.0998286,4.9979844,0.27144,0.414224
PPO + BRT,248,2.4900,0,-0.4652303,0.1532703,0.1333351,-0.4652303,0.1532703,0.1333351,0.0000000,0.19841,0.413951
PPO + BRT,249,2.5000,0,-0.4742773,0.1606486,0.1181987,-0.4742773,0.1606486,0.1181987,0.0000000,0.36260,0.413655
PPO + BRT,250,2.5100,1,-0.4916527,0.1676417,0.0965332,-1.1432730,-0.0910458,0.2496024,0.7176060,0.50593,0.413336
PPO + BRT,251,2.5200,1,-0.5450834,0.1889987,0.0489535,-3.0453553,-1.5493717,0.7046806,3.1150072,0.51088,0.412956
PPO + BRT,252,2.5300,1,-0.4892451,0.1341483,-0.0677060,2.0114889,0.4028907,-0.8426412,2.6318090,0.48439,0.412403
PPO + BRT,253,2.5400,1,-0.5844378,0.2166231,0.0086349,7.1242151,-11.3584986,-4.5324874,14.6297150,0.74951,0.411973
PPO + BRT,254,2.5500,0,-0.2239389,0.5148672,0.0311705,-0.2239389,0.5148672,0.0311705,0.0000000,1.20678,0.411919
PPO + BRT,255,2.5600,0,-0.2602018,0.4983255,0.0263107,-0.2602018,0.4983255,0.0263107,0.0000000,1.56938,0.411857
PPO + BRT,256,2.5700,1,-0.3436387,0.4849685,0.0221945,-0.8248390,0.6147179,0.0650203,0.5002226,1.81115,0.411785
PPO + BRT,257,2.5800,1,-0.4908633,0.4238005,0.0209364,-0.5916794,0.4560123,0.0293670,0.1061723,1.92409,0.411672
PPO + BRT,258,2.5900,0,-0.5960745,0.3337640,0.0243393,-0.5960745,0.3337640,0.0243393,0.0000000,1.92208,0.411532
PPO + BRT,259,2.6000,0,-0.6118479,0.2559660,0.0260541,-0.6118479,0.2559660,0.0260541,0.0000000,1.81578,0.411363
PPO + BRT,260,2.6100,0,-0.5713765,0.1857816,0.0133029,-0.5713765,0.1857816,0.0133029,0.0000000,1.62021,0.411164
PPO + BRT,261,2.6200,0,-0.5398255,0.1250019,-0.0081799,-0.5398255,0.1250019,-0.0081799,0.0000000,1.35456,0.410938
PPO + BRT,262,2.6300,0,-0.5210443,0.0701962,-0.0216578,-0.5210443,0.0701962,-0.0216578,0.0000000,1.04098,0.410687
PPO + BRT,263,2.6400,0,-0.5092677,0.0247426,-0.0258827,-0.5092677,0.0247426,-0.0258827,0.0000000,0.70979,0.410412
PPO + BRT,264,2.6500,0,-0.4989957,-0.0068054,-0.0239578,-0.4989957,-0.0068054,-0.0239578,0.0000000,0.42985,0.410113
PPO + BRT,265,2.6600,0,-0.4874743,-0.0238168,-0.0182591,-0.4874743,-0.0238168,-0.0182591,0.0000000,0.40544,0.409792
PPO + BRT,266,2.6700,1,-0.4744982,-0.0278519,-0.0091099,0.9128102,0.9700571,0.0184254,1.7091534,0.61219,0.409448
PPO + BRT,267,2.6800,1,-0.5361704,-0.0380069,0.0562689,1.5440639,2.8665209,0.6385756,3.6197703,0.78487,0.409161
PPO + BRT,268,2.6900,1,-0.7219126,-0.1149692,0.1645731,-3.5206013,0.8453845,1.7097487,3.3380392,1.00987,0.408963
PPO + BRT,269,2.7000,1,-0.5042148,-0.1584361,0.0548447,5.2142076,2.9034865,-0.8125970,6.5443244,1.16030,0.408566
PPO + BRT,270,2.7100,0,-0.8294139,-0.2120331,0.1951018,-0.8294139,-0.2120331,0.1951018,0.0000000,1.18926,0.408469
PPO + BRT,271,2.7200,0,-0.8422542,-0.2040115,0.1714331,-0.8422542,-0.2040115,0.1714331,0.0000000,1.23842,0.408326
PPO + BRT,272,2.7300,0,-0.8293575,-0.1721495,0.1396614,-0.8293575,-0.1721495,0.1396614,0.0000000,1.28205,0.408137
PPO + BRT,273,2.7400,1,-0.7910847,-0.1209868,0.1035158,-0.7944835,-0.1200557,0.1051627,0.0038899,1.30477,0.407904
PPO + BRT,274,2.7500,0,-0.7340205,-0.0591076,0.0677861,-0.7340205,-0.0591076,0.0677861,0.0000000,1.29968,0.407630
PPO + BRT,275,2.7600,0,-0.6713783,0.0062933,0.0376005,-0.6713783,0.0062933,0.0376005,0.0000000,1.26570,0.407317
PPO + BRT,276,2.7700,0,-0.6159278,0.0692679,0.0163385,-0.6159278,0.0692679,0.0163385,0.0000000,1.20574,0.406972
PPO + BRT,277,2.7800,0,-0.5731764,0.1249696,0.0040610,-0.5731764,0.1249696,0.0040610,0.0000000,1.12530,0.406597
PPO + BRT,278,2.7900,0,-0.5419390,0.1709571,-0.0008357,-0.5419390,0.1709571,-0.0008357,0.0000000,1.03160,0.406196
PPO + BRT,279,2.8000,0,-0.5189388,0.2068868,0.0002991,-0.5189388,0.2068868,0.0002991,0.0000000,0.93302,0.405770
PPO + BRT,280,2.8100,0,-0.5016959,0.2333358,0.0066239,-0.5016959,0.2333358,0.0066239,0.0000000,0.83854,0.405320
PPO + BRT,281,2.8200,1,-0.4891098,0.2511154,0.0174747,-0.2560888,0.3722542,-0.0263662,0.2662619,0.75157,0.404849
PPO + BRT,282,2.8300,1,-0.4843513,0.2661646,0.0399937,0.1331649,0.5468205,-0.0861390,0.6899300,0.66208,0.404371
PPO + BRT,283,2.8400,1,-0.4822421,0.2820786,0.0735868,0.7622927,0.7539390,-0.1782806,1.3546056,0.54376,0.403906
PPO + BRT,284,2.8500,1,-0.4729696,0.2910379,0.1107922,-4.0402045,-8.9005260,4.2972646,10.7115154,0.55165,0.403490
PPO + BRT,285,2.8600,0,-0.2861924,0.3588713,-0.0966090,-0.2861924,0.3588713,-0.0966090,0.0000000,0.79826,0.402799
PPO + BRT,286,2.8700,1,-0.3122852,0.3877336,-0.0557874,-0.2222333,0.4542606,-0.1237933,0.1309961,1.04559,0.402101
PPO + BRT,287,2.8800,1,-0.3617155,0.4126752,-0.0034125,-0.1522950,0.5638091,-0.1714802,0.3081317,1.24045,0.401401
PPO + BRT,288,2.8900,1,-0.4203407,0.4227734,0.0615639,-0.1891133,0.5833160,-0.1380261,0.3450742,1.36672,0.400703
PPO + BRT,289,2.9000,1,-0.4601837,0.3995362,0.1300739,-0.2898648,0.5095884,-0.0282125,0.2572443,1.42425,0.400005
PPO + BRT,290,2.9100,1,-0.4883405,0.3464287,0.1866204,-0.4437036,0.3720715,0.1424274,0.0678456,1.42159,0.399300
PPO + BRT,291,2.9200,0,-0.5182856,0.2824655,0.2159140,-0.5182856,0.2824655,0.2159140,0.0000000,1.36933,0.398578
PPO + BRT,292,2.9300,0,-0.5504758,0.2196716,0.2233027,-0.5504758,0.2196716,0.2233027,0.0000000,1.27669,0.397834
PPO + BRT,293,2.9400,0,-0.5860795,0.1611801,0.2185035,-0.5860795,0.1611801,0.2185035,0.0000000,1.15354,0.397067
PPO + BRT,294,2.9500,0,-0.6273471,0.1075769,0.2080214,-0.6273471,0.1075769,0.2080214,0.0000000,1.01171,0.396275
PPO + BRT,295,2.9600,0,-0.6733010,0.0601903,0.1949983,-0.6733010,0.0601903,0.1949983,0.0000000,0.86559,0.395455
PPO + BRT,296,2.9700,0,-0.7190677,0.0218358,0.1807644,-0.7190677,0.0218358,0.1807644,0.0000000,0.73330,0.394605
PPO + BRT,297,2.9800,1,-0.7582813,-0.0051042,0.1660562,-0.5839173,0.0233499,0.0340686,0.2205293,0.63211,0.393724
PPO + BRT,298,2.9900,1,-0.7909793,-0.0225205,0.1541462,-0.4191719,0.0365285,-0.1042870,0.4566346,0.57266,0.392820
PPO + BRT,299,3.0000,1,-0.8197724,-0.0331566,0.1446472,-0.3109221,0.0459891,-0.1845962,0.6112232,0.55686,0.391904
PPO + BRT,300,3.0100,1,-0.8427799,-0.0384049,0.1356679,-0.2567868,0.0515584,-0.2188827,0.6907875,0.57614,0.390981
PPO + BRT,301,3.0200,1,-0.8564178,-0.0380353,0.1253320,-0.2487925,0.0549685,-0.2180264,0.7040975,0.61574,0.390057
PPO + BRT,302,3.0300,1,-0.8579815,-0.0301482,0.1116100,-0.2645395,0.0615049,-0.2001657,0.6765928,0.66154,0.389130
PPO + BRT,303,3.0400,1,-0.8472298,-0.0130359,0.0934839,-0.3086737,0.0715471,-0.1685755,0.6048737,0.70313,0.388200
PPO + BRT,304,3.0500,1,-0.8263819,0.0136893,0.0712643,-0.3439831,0.0911057,-0.1456231,0.5345485,0.73354,0.387265
PPO + BRT,305,3.0600,1,-0.7989718,0.0471162,0.0474059,-0.3795213,0.1155457,-0.1272378,0.4594799,0.74843,0.386322
PPO + BRT,306,3.0700,1,-0.7681679,0.0832733,0.0242337,-0.3839179,0.1465002,-0.1246023,0.4168907,0.74549,0.385369
PPO + BRT,307,3.0800,1,-0.7363898,0.1178380,0.0040964,-0.3849769,0.1754337,-0.1235500,0.3782881,0.72419,0.384406
PPO + BRT,308,3.0900,1,-0.7054817,0.1481420,-0.0122809,-0.3539746,0.2048604,-0.1329482,0.3759453,0.68541,0.383434
PPO + BRT,309,3.1000,1,-0.6774915,0.1732453,-0.0240068,-0.3237003,0.2287060,-0.1398005,0.3763672,0.63115,0.382454
PPO + BRT,310,3.1100,1,-0.6535969,0.1932659,-0.0313712,-0.2761163,0.2500207,-0.1500079,0.3997341,0.56423,0.381468
PPO + BRT,311,3.1200,1,-0.6347046,0.2092303,-0.0342595,-0.2138823,0.2689428,-0.1620415,0.4438302,0.48791,0.380478
PPO + BRT,312,3.1300,1,-0.6211435,0.2223036,-0.0327637,-0.1557781,0.2832381,-0.1699327,0.4889717,0.40578,0.379488
PPO + BRT,313,3.1400,1,-0.6125206,0.2326773,-0.0276047,-0.0836088,0.2946932,-0.1793535,0.5537340,0.32179,0.378502
PPO + BRT,314,3.1500,1,-0.6085806,0.2408904,-0.0190332,-0.0065972,0.3010935,-0.1873938,0.6279759,0.24115,0.377523
PPO + BRT,315,3.1600,1,-0.6085957,0.2466938,-0.0077337,0.0740951,0.3002165,-0.1938375,0.7096239,0.17432,0.376555
PPO + BRT,316,3.1700,1,-0.6114478,0.2494236,0.0054261,0.1644317,0.2892557,-0.2002473,0.8036648,0.14661,0.375603
PPO + BRT,317,3.1800,1,-0.6155298,0.2484423,0.0196386,0.2640178,0.2636431,-0.2062967,0.9082301,0.18234,0.374671
PPO + BRT,318,3.1900,1,-0.6187378,0.2432044,0.0340415,0.3723067,0.2173501,-0.2114042,1.0213135,0.26306,0.373765
PPO + BRT,319,3.2000,1,-0.6187682,0.2338596,0.0477630,0.4943656,0.1423022,-0.2161516,1.1476501,0.36870,0.372889
PPO + BRT,320,3.2100,1,-0.6131641,0.2217493,0.0600297,0.6491833,0.0225338,-0.2247485,1.3093153,0.49481,0.372052
PPO + BRT,321,3.2200,1,-0.5985587,0.2094024,0.0704263,0.8714165,-0.1864619,-0.2449192,1.5546635,0.64488,0.371259
PPO + BRT,322,3.2300,1,-0.5694463,0.2010923,0.0787617,1.1364430,-0.6117854,-0.2830858,1.9239962,0.82662,0.370523
PPO + BRT,323,3.2400,1,-0.5219014,0.2084800,0.0818812,1.3588895,-1.9072137,-0.4578748,2.8818173,1.04993,0.369858
PPO + BRT,324,3.2500,1,-0.4533508,0.2764893,0.0661047,-2.2641921,-4.0109525,-1.6409453,4.9573503,1.22059,0.369275
PPO + BRT,325,3.2600,1,-0.5452405,0.3678278,-0.0501148,-0.1700203,0.4693421,-0.1126636,0.3937102,1.29370,0.368588
PPO + BRT,326,3.2700,1,-0.5985016,0.3102087,-0.0411119,-0.3992033,0.3499037,-0.0698856,0.2052399,1.30659,0.367901
PPO + BRT,327,3.2800,0,-0.6088243,0.2497653,-0.0365827,-0.6088243,0.2497653,-0.0365827,0.0000000,1.25164,0.367200
PPO + BRT,328,3.2900,0,-0.5519705,0.1956760,-0.0360187,-0.5519705,0.1956760,-0.0360187,0.0000000,1.13448,0.366475
PPO + BRT,329,3.3000,0,-0.5043826,0.1547744,-0.0393514,-0.5043826,0.1547744,-0.0393514,0.0000000,0.97078,0.365728
PPO + BRT,330,3.3100,0,-0.4813138,0.1189015,-0.0408983,-0.4813138,0.1189015,-0.0408983,0.0000000,0.77924,0.364962
PPO + BRT,331,3.3200,0,-0.4731847,0.0865636,-0.0379919,-0.4731847,0.0865636,-0.0379919,0.0000000,0.58649,0.364179
PPO + BRT,332,3.3300,0,-0.4725322,0.0597749,-0.0311313,-0.4725322,0.0597749,-0.0311313,0.0000000,0.44282,0.363378
PPO + BRT,333,3.3400,1,-0.4745936,0.0404373,-0.0208306,-0.1963797,0.0818810,-0.0558911,0.2834604,0.42408,0.362561
PPO + BRT,334,3.3500,1,-0.4894353,0.0331250,0.0012778,0.0803472,0.1261555,-0.0727615,0.5820555,0.51661,0.361743
PPO + BRT,335,3.3600,1,-0.5212123,0.0354476,0.0397194,0.2541128,0.1709837,-0.0631775,0.7937800,0.62974,0.360938
PPO + BRT,336,3.3700,1,-0.5777511,0.0435998,0.0916827,0.3049876,0.2046203,-0.0269468,0.9051123,0.71366,0.360155
PPO + BRT,337,3.3800,1,-0.6583195,0.0510026,0.1355021,0.1825320,0.2065909,0.0216869,0.8626661,0.75717,0.359398
PPO + BRT,338,3.3900,1,-0.7288547,0.0508039,0.1521183,-0.0729691,0.1709167,0.0631477,0.6727026,0.76906,0.358658
PPO + BRT,339,3.4000,1,-0.7640789,0.0489567,0.1515093,-0.3113158,0.1302849,0.0901587,0.4640826,0.76384,0.357921
PPO + BRT,340,3.4100,1,-0.7753482,0.0541752,0.1428821,-0.4685086,0.1085377,0.1011001,0.3144067,0.75204,0.357174
PPO + BRT,341,3.4200,1,-0.7736899,0.0675355,0.1296529,-0.5265634,0.1110212,0.0955274,0.2532333,0.73762,0.356408
PPO + BRT,342,3.4300,1,-0.7649617,0.0859359,0.1147420,-0.5372887,0.1256722,0.0827530,0.2333179,0.72018,0.355621
PPO + BRT,343,3.4400,1,-0.7520759,0.1067339,0.0999490,-0.5257644,0.1456567,0.0676055,0.2319008,0.69818,0.354812
PPO + BRT,344,3.4500,1,-0.7371557,0.1279870,0.0864143,-0.5224664,0.1640448,0.0552719,0.2199126,0.67070,0.353982
PPO + BRT,345,3.4600,1,-0.7213191,0.1483621,0.0744268,-0.5000384,0.1843624,0.0418577,0.2265433,0.63749,0.353131
PPO + BRT,346,3.4700,1,-0.7061896,0.1666672,0.0647338,-0.4680363,0.2038345,0.0292496,0.2436341,0.59855,0.352262
PPO + BRT,347,3.4800,1,-0.6928101,0.1823740,0.0576192,-0.4408056,0.2196750,0.0197053,0.2575560,0.55445,0.351376
PPO + BRT,348,3.4900,1,-0.6815458,0.1951841,0.0528484,-0.4070838,0.2332539,0.0112529,0.2801943,0.50617,0.350474
PPO + BRT,349,3.5000,1,-0.6728125,0.2050628,0.0503959,-0.3696881,0.2438871,0.0042235,0.3090689,0.45470,0.349559
PPO + BRT,350,3.5100,1,-0.6667729,0.2120969,0.0500483,-0.3375702,0.2503088,-0.0001920,0.3351994,0.40112,0.348634
PPO + BRT,351,3.5200,1,-0.6633057,0.2162455,0.0512757,-0.3022278,0.2533772,-0.0037782,0.3671334,0.34649,0.347698
PPO + BRT,352,3.5300,1,-0.6623690,0.2176640,0.0537574,-0.2617439,0.2530571,-0.0070623,0.4067581,0.29144,0.346756
PPO + BRT,353,3.5400,1,-0.6638351,0.2165997,0.0571633,-0.2322338,0.2478912,-0.0078432,0.4375896,0.23662,0.345809
PPO + BRT,354,3.5500,1,-0.6673234,0.2129944,0.0607005,-0.2090602,0.2384990,-0.0074984,0.4640115,0.18300,0.344858
PPO + BRT,355,3.5600,1,-0.6724749,0.2070260,0.0638170,-0.1836025,0.2257383,-0.0078443,0.4944510,0.13203,0.343905
PPO + BRT,356,3.5700,1,-0.6789140,0.1991745,0.0662937,-0.1675716,0.2096858,-0.0072294,0.5167080,0.08707,0.342951
PPO + BRT,357,3.5800,1,-0.6861742,0.1897488,0.0676550,-0.1571328,0.1914355,-0.0067534,0.5342511,0.05926,0.341998
PPO + BRT,358,3.5900,1,-0.6937929,0.1791793,0.0676908,-0.1438513,0.1719259,-0.0077390,0.5551379,0.06715,0.341045
PPO + BRT,359,3.6000,1,-0.7013280,0.1680357,0.0665469,-0.1311486,0.1518861,-0.0095667,0.5754640,0.09816,0.340094
PPO + BRT,360,3.6100,1,-0.7083914,0.1567430,0.0643238,-0.1276038,0.1323990,-0.0109990,0.5861574,0.13343,0.339144
PPO + BRT,361,3.6200,1,-0.7146125,0.1454421,0.0609489,-0.1295696,0.1142403,-0.0127249,0.5904884,0.16648,0.338197
PPO + BRT,362,3.6300,1,-0.7196171,0.1342423,0.0565703,-0.1326633,0.0977597,-0.0152643,0.5924575,0.19475,0.337252
PPO + BRT,363,3.6400,1,-0.7230681,0.1232788,0.0515216,-0.1255320,0.0824774,-0.0196445,0.6031408,0.21716,0.336309
PPO + BRT,364,3.6500,1,-0.7249492,0.1130120,0.0464327,-0.1261186,0.0696546,-0.0231237,0.6044139,0.23328,0.335369
PPO + BRT,365,3.6600,1,-0.7250896,0.1033639,0.0413290,-0.1329393,0.0593371,-0.0259616,0.5975853,0.24266,0.334431
PPO + BRT,366,3.6700,1,-0.7233001,0.0942639,0.0363119,-0.1285204,0.0502079,-0.0300944,0.6000947,0.24529,0.333496
PPO + BRT,367,3.6800,1,-0.7201666,0.0862943,0.0319335,-0.1309364,0.0435880,-0.0329672,0.5943300,0.24155,0.332562
PPO + BRT,368,3.6900,1,-0.7157511,0.0793428,0.0281342,-0.1237075,0.0381806,-0.0364662,0.5969784,0.23212,0.331631
PPO + BRT,369,3.7000,1,-0.7110117,0.0739106,0.0252785,-0.1229300,0.0350626,-0.0385352,0.5928081,0.21791,0.330703
PPO + BRT,370,3.7100,1,-0.7060656,0.0697632,0.0232065,-0.1210210,0.0334559,-0.0401764,0.5895870,0.19982,0.329777
PPO + BRT,371,3.7200,1,-0.7014006,0.0669271,0.0219651,-0.1189734,0.0332309,-0.0412479,0.5868158,0.17885,0.328855
PPO + BRT,372,3.7300,1,-0.6973777,0.0653268,0.0215329,-0.1175564,0.0341896,-0.0416966,0.5840892,0.15602,0.327935
PPO + BRT,373,3.7400,1,-0.6942069,0.0648106,0.0218379,-0.1176251,0.0361052,-0.0414994,0.5807600,0.13229,0.327018
PPO + BRT,374,3.7500,1,-0.6919333,0.0651675,0.0227672,-0.1101409,0.0382919,-0.0417122,0.5859712,0.10876,0.326104
PPO + BRT,375,3.7600,1,-0.6911902,0.0665236,0.0244203,-0.1147488,0.0414728,-0.0400981,0.5805815,0.08629,0.325194
PPO + BRT,376,3.7700,1,-0.6910120,0.0682044,0.0263301,-0.1215357,0.0447828,-0.0381073,0.5735887,0.06527,0.324286
PPO + BRT,377,3.7800,1,-0.6911910,0.0700005,0.0283694,-0.1302272,0.0480267,-0.0358579,0.5650561,0.04591,0.323381
PPO + BRT,378,3.7900,1,-0.6915396,0.0717396,0.0304332,-0.1306681,0.0506976,-0.0345870,0.5650198,0.02865,0.322478
PPO + BRT,379,3.8000,1,-0.6926051,0.0736370,0.0326890,-0.1451836,0.0536242,-0.0315579,0.5515419,0.01423,0.321577
PPO + BRT,380,3.8100,1,-0.6932796,0.0750791,0.0346684,-0.1479225,0.0556472,-0.0301609,0.5495404,0.00876,0.320678
PPO + BRT,381,3.8200,1,-0.6943787,0.0764610,0.0366924,-0.1644000,0.0577879,-0.0270977,0.5341305,0.01733,0.319779
PPO + BRT,382,3.8300,1,-0.6948797,0.0772442,0.0383314,-0.1798809,0.0593863,-0.0244528,0.5191188,0.02808,0.318880
PPO + BRT,383,3.8400,1,-0.6948705,0.0774907,0.0396685,-0.1845281,0.0601857,-0.0233764,0.5145128,0.03864,0.317981
PPO + BRT,384,3.8500,1,-0.6951036,0.0775917,0.0410396,-0.1940652,0.0608666,-0.0216650,0.5052238,0.04872,0.317080
PPO + BRT,385,3.8600,1,-0.6952128,0.0773674,0.0422776,-0.2088243,0.0613979,-0.0193913,0.4905424,0.05857,0.316178
PPO + BRT,386,3.8700,1,-0.6948327,0.0766670,0.0432568,-0.2147931,0.0613283,-0.0184244,0.4842291,0.06838,0.315274
PPO + BRT,387,3.8800,1,-0.6945776,0.0758258,0.0442700,-0.2308959,0.0613976,-0.0161062,0.4678185,0.07839,0.314366
PPO + BRT,388,3.8900,1,-0.6937371,0.0745371,0.0450343,-0.2353349,0.0608629,-0.0154905,0.4625827,0.08873,0.313455
PPO + BRT,389,3.9000,1,-0.6931480,0.0732382,0.0459358,-0.2499990,0.0605714,-0.0133755,0.4472799,0.09952,0.312540
PPO + BRT,390,3.9100,1,-0.6920864,0.0716262,0.0466722,-0.2534043,0.0598102,-0.0128808,0.4428636,0.11078,0.311621
PPO + BRT,391,3.9200,1,-0.6913862,0.0701127,0.0476053,-0.2708372,0.0594441,-0.0103048,0.4246514,0.12263,0.310697
PPO + BRT,392,3.9300,1,-0.6900297,0.0682829,0.0483164,-0.2756449,0.0586328,-0.0095995,0.4185238,0.13516,0.309767
PPO + BRT,393,3.9400,1,-0.6889869,0.0665924,0.0492288,-0.2901731,0.0581273,-0.0073342,0.4028938,0.14836,0.308831
PPO + BRT,394,3.9500,1,-0.6875458,0.0647673,0.0500433,-0.2916727,0.0573198,-0.0069663,0.4000264,0.16212,0.307889
PPO + BRT,395,3.9600,1,-0.6867380,0.0632380,0.0511621,-0.3092020,0.0569672,-0.0040460,0.3816028,0.17636,0.306940
PPO + BRT,396,3.9700,1,-0.6853317,0.0615337,0.0520727,-0.3239839,0.0564802,-0.0015978,0.3653468,0.19139,0.305983
PPO + BRT,397,3.9800,1,-0.6835760,0.0597969,0.0529251,-0.3261089,0.0558385,-0.0010193,0.3615361,0.20699,0.305018
PPO + BRT,398,3.9900,1,-0.6825205,0.0584126,0.0541093,-0.3381305,0.0555229,0.0013030,0.3484269,0.22289,0.304045
PPO + BRT,399,4.0000,1,-0.6813817,0.0570854,0.0552691,-0.3463281,0.0552081,0.0030650,0.3391013,0.23897,0.303063
PPO + BRT,400,4.0100,1,-0.6804852,0.0559291,0.0565194,-0.3599080,0.0550079,0.0057642,0.3245715,0.25516,0.302071
PPO + BRT,401,4.0200,1,-0.6793977,0.0547987,0.0576802,-0.3723903,0.0547892,0.0082972,0.3109537,0.27150,0.301069
PPO + BRT,402,4.0300,1,-0.6782244,0.0537382,0.0588040,-0.3784574,0.0545971,0.0098135,0.3037451,0.28780,0.300057
PPO + BRT,403,4.0400,1,-0.6775045,0.0529053,0.0600795,-0.3904395,0.0545072,0.0124258,0.2909979,0.30389,0.299034
PPO + BRT,404,4.0500,1,-0.6767390,0.0521306,0.0612836,-0.4013779,0.0544121,0.0148623,0.2792559,0.31974,0.297999
PPO + BRT,405,4.0600,1,-0.6760111,0.0514351,0.0624483,-0.4088660,0.0543625,0.0167302,0.2710447,0.33518,0.296953
PPO + BRT,406,4.0700,1,-0.6755975,0.0508836,0.0636631,-0.4191428,0.0543317,0.0191221,0.2603168,0.35008,0.295894
PPO + BRT,407,4.0800,1,-0.6752438,0.0503880,0.0648065,-0.4308591,0.0542572,0.0217460,0.2481795,0.36444,0.294822
PPO + BRT,408,4.0900,1,-0.6748117,0.0499044,0.0658252,-0.4368763,0.0542306,0.0233183,0.2417412,0.37815,0.293737
PPO + BRT,409,4.1000,1,-0.6747535,0.0495398,0.0668867,-0.4474172,0.0541598,0.0257248,0.2310789,0.39112,0.292639
PPO + BRT,410,4.1100,1,-0.6746606,0.0491715,0.0678100,-0.4584217,0.0540064,0.0281490,0.2198991,0.40341,0.291526
PPO + BRT,411,4.1200,1,-0.6744702,0.0487807,0.0685805,-0.4610846,0.0539763,0.0289611,0.2170947,0.41489,0.290400
PPO + BRT,412,4.1300,1,-0.6748401,0.0485149,0.0694442,-0.4712480,0.0538172,0.0311949,0.2072218,0.42542,0.289258
PPO + BRT,413,4.1400,1,-0.6751059,0.0481951,0.0701094,-0.4789243,0.0536196,0.0328404,0.1997639,0.43508,0.288102
PPO + BRT,414,4.1500,1,-0.6754369,0.0478591,0.0706542,-0.4835980,0.0534479,0.0338248,0.1954221,0.44380,0.286931
PPO + BRT,415,4.1600,1,-0.6760365,0.0475444,0.0711505,-0.4902710,0.0531982,0.0351351,0.1893090,0.45152,0.285744
PPO + BRT,416,4.1700,1,-0.6766940,0.0471924,0.0715006,-0.4985589,0.0528211,0.0366450,0.1816004,0.45833,0.284542
PPO + BRT,417,4.1800,1,-0.6772363,0.0467647,0.0716446,-0.5031455,0.0524531,0.0372897,0.1775393,0.46428,0.283324
PPO + BRT,418,4.1900,1,-0.6779238,0.0463192,0.0716979,-0.5054718,0.0521164,0.0373975,0.1759256,0.46928,0.282090
PPO + BRT,419,4.2000,1,-0.6788925,0.0458771,0.0717013,-0.5110152,0.0516488,0.0380679,0.1713105,0.47331,0.280841
PPO + BRT,420,4.2100,1,-0.6798326,0.0453682,0.0715207,-0.5149699,0.0511472,0.0382679,0.1682821,0.47644,0.279575
PPO + BRT,421,4.2200,1,-0.6808260,0.0448125,0.0711999,-0.5185996,0.0505884,0.0382903,0.1656316,0.47870,0.278293
PPO + BRT,422,4.2300,1,-0.6818527,0.0442084,0.0707361,-0.5192263,0.0500726,0.0375710,0.1660773,0.48006,0.276995
PPO + BRT,423,4.2400,1,-0.6831062,0.0435943,0.0702057,-0.5224589,0.0494361,0.0372916,0.1640885,0.48052,0.275681
PPO + BRT,424,4.2500,1,-0.6843271,0.0429178,0.0694997,-0.5243064,0.0487717,0.0365805,0.1634766,0.48015,0.274351
PPO + BRT,425,4.2600,1,-0.6855794,0.0421972,0.0686568,-0.5261710,0.0480514,0.0357517,0.1628743,0.47900,0.273005
PPO + BRT,426,4.2700,1,-0.6868162,0.0414274,0.0676676,-0.5279800,0.0472691,0.0347953,0.1623073,0.47716,0.271644
PPO + BRT,427,4.2800,1,-0.6879994,0.0406078,0.0665310,-0.5253347,0.0465901,0.0327920,0.1662345,0.47459,0.270266
PPO + BRT,428,4.2900,1,-0.6894455,0.0398000,0.0653751,-0.5265725,0.0457675,0.0315351,0.1664584,0.47128,0.268873
PPO + BRT,429,4.3000,1,-0.6907954,0.0389344,0.0640509,-0.5271139,0.0449036,0.0299946,0.1672934,0.46734,0.267465
PPO + BRT,430,4.3100,1,-0.6920644,0.0380213,0.0625857,-0.5269043,0.0440050,0.0282132,0.1688050,0.46287,0.266042
PPO + BRT,431,4.3200,1,-0.6932766,0.0370721,0.0610060,-0.5262892,0.0430761,0.0262518,0.1706714,0.45792,0.264603
PPO + BRT,432,4.3300,1,-0.6944319,0.0360910,0.0593256,-0.5259681,0.0420949,0.0242800,0.1721752,0.45258,0.263150
PPO + BRT,433,4.3400,1,-0.6954767,0.0350727,0.0575388,-0.5246913,0.0411024,0.0220325,0.1745413,0.44693,0.261683
PPO + BRT,434,4.3500,1,-0.6964641,0.0340316,0.0556818,-0.5229928,0.0400877,0.0196755,0.1772721,0.44100,0.260201
PPO + BRT,435,4.3600,1,-0.6974068,0.0329731,0.0537684,-0.5215841,0.0390423,0.0173283,0.1796617,0.43485,0.258705
PPO + BRT,436,4.3700,1,-0.6982608,0.0318900,0.0517916,-0.5203314,0.0379544,0.0149946,0.1817957,0.42855,0.257195
PPO + BRT,437,4.3800,1,-0.6989961,0.0307805,0.0497534,-0.5180777,0.0368653,0.0124438,0.1848257,0.42215,0.255672
PPO + BRT,438,4.3900,1,-0.6996850,0.0296609,0.0476915,-0.5162750,0.0357441,0.0099739,0.1873468,0.41568,0.254136
PPO + BRT,439,4.4000,1,-0.7002784,0.0285219,0.0455946,-0.5143437,0.0346045,0.0074687,0.1899008,0.40920,0.252587
PPO + BRT,440,4.4100,1,-0.7007797,0.0273654,0.0434737,-0.5116602,0.0334622,0.0048285,0.1931238,0.40273,0.251025
PPO + BRT,441,4.4200,1,-0.7012492,0.0262035,0.0413559,-0.5092842,0.0322954,0.0022869,0.1959951,0.39629,0.249451
PPO + BRT,442,4.4300,1,-0.7016554,0.0250294,0.0392323,-0.5075597,0.0310944,-0.0001255,0.1981388,0.38992,0.247865
PPO + BRT,443,4.4400,1,-0.7019381,0.0238315,0.0370887,-0.5048282,0.0298941,-0.0027123,0.2011795,0.38366,0.246268
PPO + BRT,444,4.4500,1,-0.7021878,0.0226290,0.0349628,-0.5029789,0.0286575,-0.0050842,0.2032839,0.37753,0.244659
PPO + BRT,445,4.4600,1,-0.7023262,0.0214063,0.0328311,-0.5004224,0.0274184,-0.0075696,0.2059940,0.37156,0.243039
PPO + BRT,446,4.4700,1,-0.7024215,0.0201785,0.0307215,-0.4992867,0.0261287,-0.0097303,0.2072088,0.36579,0.241408
PPO + BRT,447,4.4800,1,-0.7023483,0.0189223,0.0285982,-0.4963209,0.0248594,-0.0122126,0.2101144,0.36025,0.239767
PPO + BRT,448,4.4900,1,-0.7022856,0.0176772,0.0265252,-0.4946159,0.0235652,-0.0144129,0.2117482,0.35492,0.238116
PPO + BRT,449,4.5000,1,-0.7021236,0.0164190,0.0244656,-0.4919066,0.0222826,-0.0167439,0.2142984,0.34983,0.236455
PPO + BRT,450,4.5100,1,-0.7019668,0.0151710,0.0224536,-0.4906206,0.0209733,-0.0187677,0.2154068,0.34498,0.234784
PPO + BRT,451,4.5200,1,-0.7016881,0.0139065,0.0204492,-0.4882308,0.0196754,-0.0209551,0.2175124,0.34038,0.233104
PPO + BRT,452,4.5300,1,-0.7014059,0.0126537,0.0184917,-0.4858465,0.0183888,-0.0230873,0.2196078,0.33600,0.231415
PPO + BRT,453,4.5400,1,-0.7011293,0.0114124,0.0165788,-0.4838106,0.0171031,-0.0251023,0.2213529,0.33183,0.229717
PPO + BRT,454,4.5500,1,-0.7008323,0.0101764,0.0146986,-0.4819640,0.0158176,-0.0270261,0.2228813,0.32785,0.228011
PPO + BRT,455,4.5600,1,-0.7005039,0.0089443,0.0128463,-0.4802738,0.0145362,-0.0289060,0.2242228,0.32408,0.226297
PPO + BRT,456,4.5700,1,-0.7001369,0.0077154,0.0110193,-0.4782026,0.0132674,-0.0308065,0.2259094,0.32049,0.224575
PPO + BRT,457,4.5800,1,-0.6997776,0.0065004,0.0092289,-0.4767431,0.0119957,-0.0325536,0.2269809,0.31707,0.222845
PPO + BRT,458,4.5900,1,-0.6993703,0.0052884,0.0074572,-0.4747764,0.0107398,-0.0343520,0.2285172,0.31382,0.221108
PPO + BRT,459,4.6000,1,-0.6989745,0.0040938,0.0057196,-0.4731520,0.0094963,-0.0360623,0.2297188,0.31073,0.219364
PPO + BRT,460,4.6100,1,-0.6985604,0.0029095,0.0040049,-0.4713850,0.0082667,-0.0377687,0.2310463,0.30776,0.217613
PPO + BRT,461,4.6200,1,-0.6981480,0.0017404,0.0023164,-0.4699261,0.0070470,-0.0393876,0.2320617,0.30493,0.215855
PPO + BRT,462,4.6300,1,-0.6977093,0.0005811,0.0006450,-0.4685129,0.0058382,-0.0409757,0.2330041,0.30222,0.214092
PPO + BRT,463,4.6400,1,-0.6972442,-0.0005670,-0.0010096,-0.4670441,0.0046443,-0.0425607,0.2339781,0.29964,0.212322
PPO + BRT,464,4.6500,1,-0.6967635,-0.0017003,-0.0026450,-0.4656259,0.0034645,-0.0440973,0.2348819,0.29716,0.210547
PPO + BRT,465,4.6600,1,-0.6962659,-0.0028179,-0.0042627,-0.4640170,0.0023045,-0.0456336,0.2359605,0.29479,0.208766
PPO + BRT,466,4.6700,1,-0.6957760,-0.0039145,-0.0058583,-0.4630626,0.0011566,-0.0470555,0.2363862,0.29252,0.206980
PPO + BRT,467,4.6800,1,-0.6952253,-0.0050044,-0.0074486,-0.4616840,0.0000244,-0.0485215,0.2371788,0.29036,0.205189
PPO + BRT,468,4.6900,1,-0.6946656,-0.0060739,-0.0090200,-0.4598823,-0.0010799,-0.0500268,0.2383898,0.28828,0.203393
PPO + BRT,469,4.7000,1,-0.6941468,-0.0071141,-0.0105639,-0.4586982,-0.0021630,-0.0514140,0.2390173,0.28627,0.201593
PPO + BRT,470,4.7100,1,-0.6936005,-0.0081420,-0.0120989,-0.4579176,-0.0032387,-0.0527282,0.2392095,0.28435,0.199789
PPO + BRT,471,4.7200,1,-0.6929843,-0.0091640,-0.0136328,-0.4567739,-0.0043019,-0.0540777,0.2396973,0.28252,0.197981
PPO + BRT,472,4.7300,1,-0.6923442,-0.0101676,-0.0151529,-0.4553731,-0.0053385,-0.0554520,0.2404217,0.28077,0.196169
PPO + BRT,473,4.7400,1,-0.6917129,-0.0111469,-0.0166529,-0.4538338,-0.0063484,-0.0568172,0.2412937,0.27909,0.194354
PPO + BRT,474,4.7500,1,-0.6911076,-0.0121006,-0.0181322,-0.4528963,-0.0073413,-0.0580740,0.2415836,0.27747,0.192536
PPO + BRT,475,4.7600,1,-0.6904596,-0.0130448,-0.0196068,-0.4518567,-0.0083212,-0.0593496,0.2419362,0.27592,0.190715
PPO + BRT,476,4.7700,1,-0.6897835,-0.0139750,-0.0210724,-0.4509794,-0.0092888,-0.0605701,0.2420938,0.27443,0.188891
PPO + BRT,477,4.7800,1,-0.6890630,-0.0148931,-0.0225313,-0.4496007,-0.0102344,-0.0618460,0.2427129,0.27302,0.187065
PPO + BRT,478,4.7900,1,-0.6883600,-0.0157863,-0.0239709,-0.4486971,-0.0111611,-0.0630509,0.2428722,0.27167,0.185237
PPO + BRT,479,4.8000,1,-0.6876200,-0.0166677,-0.0254035,-0.4474139,-0.0120687,-0.0642799,0.2433752,0.27038,0.183407
PPO + BRT,480,4.8100,1,-0.6868901,-0.0175272,-0.0268197,-0.4463094,-0.0129536,-0.0654747,0.2437093,0.26914,0.181576
PPO + BRT,481,4.8200,1,-0.6861497,-0.0183714,-0.0282255,-0.4455371,-0.0138292,-0.0666161,0.2436984,0.26795,0.179744
PPO + BRT,482,4.8300,1,-0.6853608,-0.0192070,-0.0296275,-0.4444752,-0.0146893,-0.0677802,0.2439302,0.26682,0.177911
PPO + BRT,483,4.8400,1,-0.6845607,-0.0200252,-0.0310176,-0.4431493,-0.0155272,-0.0689600,0.2444162,0.26573,0.176078
PPO + BRT,484,4.8500,1,-0.6837823,-0.0208210,-0.0323913,-0.4421370,-0.0163465,-0.0700888,0.2446090,0.26469,0.174245
PPO + BRT,485,4.8600,1,-0.6829870,-0.0216042,-0.0337574,-0.4411662,-0.0171514,-0.0711993,0.2447427,0.26368,0.172411
PPO + BRT,486,4.8700,1,-0.6821705,-0.0223754,-0.0351169,-0.4400398,-0.0179415,-0.0723236,0.2450128,0.26270,0.170578
PPO + BRT,487,4.8800,1,-0.6813521,-0.0231306,-0.0364664,-0.4392202,-0.0187186,-0.0734017,0.2449725,0.26176,0.168746
PPO + BRT,488,4.8900,1,-0.6804943,-0.0238774,-0.0378126,-0.4380944,-0.0194811,-0.0745044,0.2452006,0.26086,0.166915
PPO + BRT,489,4.9000,1,-0.6796361,-0.0246068,-0.0391483,-0.4371378,-0.0202284,-0.0755701,0.2452573,0.25999,0.165086
PPO + BRT,490,4.9100,1,-0.6787564,-0.0253235,-0.0404777,-0.4356897,-0.0209540,-0.0766885,0.2457879,0.25914,0.163258
PPO + BRT,491,4.9200,1,-0.6779158,-0.0260172,-0.0417919,-0.4347082,-0.0216622,-0.0777493,0.2458899,0.25830,0.161433
PPO + BRT,492,4.9300,1,-0.6770533,-0.0267022,-0.0431030,-0.4337880,-0.0223625,-0.0787832,0.2459063,0.25749,0.159611
PPO + BRT,493,4.9400,1,-0.6761606,-0.0273783,-0.0444119,-0.4322775,-0.0230425,-0.0798948,0.2464889,0.25669,0.157792
PPO + BRT,494,4.9500,1,-0.6753101,-0.0280330,-0.0457074,-0.4308363,-0.0237025,-0.0809769,0.2470428,0.25589,0.155976
PPO + BRT,495,4.9600,1,-0.6744880,-0.0286728,-0.0469954,-0.4298160,-0.0243522,-0.0820147,0.2472031,0.25508,0.154164
PPO + BRT,496,4.9700,1,-0.6736361,-0.0293096,-0.0482861,-0.4284159,-0.0249941,-0.0830825,0.2477142,0.25428,0.152357
PPO + BRT,497,4.9800,1,-0.6727988,-0.0299344,-0.0495725,-0.4268758,-0.0256195,-0.0841767,0.2483831,0.25346,0.150554
PPO + BRT,498,4.9900,1,-0.6719875,-0.0305478,-0.0508548,-0.4259757,-0.0262434,-0.0851874,0.2484332,0.25264,0.148757
PPO + BRT,499,5.0000,1,-0.6711153,-0.0311648,-0.0521462,-0.4243487,-0.0268586,-0.0862880,0.2491545,0.25182,0.146966
PPO + BRT,500,5.0100,1,-0.6702709,-0.0317676,-0.0534322,-0.4229052,-0.0274631,-0.0873585,0.2497185,0.25099,0.145181
PPO + BRT,501,5.0200,1,-0.6694244,-0.0323633,-0.0547188,-0.4215613,-0.0280616,-0.0884144,0.2501799,0.25015,0.143403
PPO + BRT,502,5.0300,1,-0.6685573,-0.0329547,-0.0560086,-0.4198396,-0.0286493,-0.0895168,0.2510017,0.24931,0.141633
PPO + BRT,503,5.0400,1,-0.6677126,-0.0335344,-0.0572955,-0.4178643,-0.0292202,-0.0906408,0.2521006,0.24847,0.139871
PPO + BRT,504,5.0500,1,-0.6669143,-0.0341013,-0.0585785,-0.4161211,-0.0297822,-0.0917408,0.2530131,0.24761,0.138117
PPO + BRT,505,5.0600,1,-0.6661226,-0.0346653,-0.0598653,-0.4148598,-0.0303476,-0.0927899,0.2534476,0.24674,0.136373
PPO + BRT,506,5.0700,1,-0.6652675,-0.0352365,-0.0611647,-0.4125759,-0.0309061,-0.0939518,0.2548466,0.24587,0.134639
PPO + BRT,507,5.0800,1,-0.6644745,-0.0357917,-0.0624586,-0.4110996,-0.0314584,-0.0950262,0.2554962,0.24500,0.132916
PPO + BRT,508,5.0900,1,-0.6636295,-0.0363525,-0.0637636,-0.4087695,-0.0320056,-0.0961897,0.2569513,0.24413,0.131204
PPO + BRT,509,5.1000,1,-0.6628358,-0.0368996,-0.0650653,-0.4072475,-0.0325492,-0.0972670,0.2576456,0.24326,0.129504
PPO + BRT,510,5.1100,1,-0.6619794,-0.0374529,-0.0663792,-0.4051958,-0.0330919,-0.0984019,0.2588094,0.24241,0.127817
PPO + BRT,511,5.1200,1,-0.6611235,-0.0379982,-0.0676946,-0.4030777,-0.0336271,-0.0995329,0.2600393,0.24158,0.126144
PPO + BRT,512,5.1300,1,-0.6602697,-0.0385351,-0.0690113,-0.4008082,-0.0341492,-0.1006864,0.2614246,0.24076,0.124485
PPO + BRT,513,5.1400,1,-0.6594301,-0.0390624,-0.0703282,-0.3988150,-0.0346671,-0.1018011,0.2625453,0.23996,0.122842
PPO + BRT,514,5.1500,1,-0.6585610,-0.0395868,-0.0716506,-0.3965401,-0.0351764,-0.1029466,0.2639202,0.23919,0.121215
PPO + BRT,515,5.1600,1,-0.6576934,-0.0401014,-0.0729735,-0.3945258,-0.0356806,-0.1040550,0.2650336,0.23845,0.119606
PPO + BRT,516,5.1700,1,-0.6567872,-0.0406111,-0.0743007,-0.3926656,-0.0361802,-0.1051491,0.2659539,0.23774,0.118014
PPO + BRT,517,5.1800,1,-0.6558195,-0.0411155,-0.0756321,-0.3903963,-0.0366701,-0.1062737,0.2672231,0.23708,0.116441
PPO + BRT,518,5.1900,1,-0.6548427,-0.0416027,-0.0769589,-0.3880397,-0.0371416,-0.1073855,0.2685694,0.23646,0.114889
PPO + BRT,519,5.2000,1,-0.6538654,-0.0420706,-0.0782798,-0.3859589,-0.0375955,-0.1084743,0.2696398,0.23588,0.113358
PPO + BRT,520,5.2100,1,-0.6528497,-0.0425247,-0.0795983,-0.3836910,-0.0380343,-0.1095531,0.2708577,0.23535,0.111849
PPO + BRT,521,5.2200,1,-0.6518201,-0.0429583,-0.0809100,-0.3819842,-0.0384582,-0.1105730,0.2714987,0.23486,0.110363
PPO + BRT,522,5.2300,1,-0.6507040,-0.0433801,-0.0822206,-0.3798099,-0.0388654,-0.1116116,0.2725213,0.23442,0.108902
PPO + BRT,523,5.2400,1,-0.6495675,-0.0437745,-0.0835193,-0.3774968,-0.0392413,-0.1126558,0.2736639,0.23403,0.107467
PPO + BRT,524,5.2500,1,-0.6484319,-0.0441385,-0.0848035,-0.3756673,-0.0395914,-0.1136388,0.2743222,0.23367,0.106059
PPO + BRT,525,5.2600,1,-0.6472373,-0.0444805,-0.0860786,-0.3738276,-0.0399199,-0.1145946,0.2749306,0.23336,0.104678
PPO + BRT,526,5.2700,1,-0.6459917,-0.0447949,-0.0873409,-0.3720520,-0.0402215,-0.1155226,0.2754236,0.23307,0.103328
PPO + BRT,527,5.2800,1,-0.6446949,-0.0450789,-0.0885879,-0.3703682,-0.0404931,-0.1164175,0.2757728,0.23282,0.102007
PPO + BRT,528,5.2900,1,-0.6433446,-0.0453296,-0.0898174,-0.3684264,-0.0407260,-0.1173155,0.2763284,0.23259,0.100719
PPO + BRT,529,5.3000,1,-0.6419851,-0.0455393,-0.0910237,-0.3669342,-0.0409237,-0.1181414,0.2764231,0.23238,0.099464
